{
    "anchorpoints": [],
    "portpins": [
        {
            "name": "1",
            "position": [
                3.612708057484692e-14,
                0.0,
                5.639932965095795e-14
            ],
            "rotation": [
                0.0,
                -1.0,
                0.0,
                1.0,
                0.0,
                1.2246467991473547e-16,
                -1.2246467991473547e-16,
                0.0,
                1.0
            ]
        }
    ],
    "version": 7
}